<application>
  <component name="ActionMacroManager">
    <macro name="&lt;noname&gt;">
      <action id="EditorUp" />
      <action id="EditorUp" />
      <action id="EditorUp" />
      <action id="EditorUp" />
      <action id="EditorUp" />
      <action id="EditorScrollToCenter" />
    </macro>
    <macro name="5 lines up">
      <action id="EditorUp" />
      <action id="EditorUp" />
      <action id="EditorUp" />
      <action id="EditorUp" />
      <action id="EditorUp" />
      <action id="EditorScrollToCenter" />
    </macro>
    <macro name="5 lines down">
      <action id="EditorDown" />
      <action id="EditorDown" />
      <action id="EditorDown" />
      <action id="EditorDown" />
      <action id="EditorDown" />
      <action id="EditorScrollToCenter" />
    </macro>
  </component>
</application>